direction,target_id,neighbor_count,spearman,map_spread,informative,heatmap_event_count,field_total_heat,max_active_nodes
origin_to_transition,chunk:01a9a4e6ea6f58575231bc0e,5,0.7,1.5472105197818622,1,1206,8.908987181403386,121
origin_to_transition,chunk:0650195aa0f79d2aaec3925e,9,0.9666666666666667,1.6974395756600704,1,2692,8.908796012113289,241
origin_to_transition,chunk:127fc3636f803f97105575ad,6,0.9428571428571428,0.7934871161871526,1,534,8.908987181403386,53
origin_to_transition,chunk:128415c43dd5cae04cb76583,6,0.7714285714285715,1.4815917850201141,1,1440,8.908788866649719,151
origin_to_transition,chunk:18169c1dbba2907a3cfadef4,6,0.9428571428571428,1.0543116159031944,1,527,8.90889273325072,51
origin_to_transition,chunk:1d44e027d4c9dafbde8050a1,6,0.9428571428571428,2.2655300577655977,1,1097,8.908887655441545,111
origin_to_transition,chunk:373b61c72ce49ecf9f34bbfb,12,0.9020979020979021,0.6335802663341896,1,3289,8.908793669440735,303
origin_to_transition,chunk:5155efd8c3288419f68fb155,6,1.0,0.867020410189538,1,530,8.908987181403386,52
origin_to_transition,chunk:6a6f56de3ca6c558d8d78622,2,1.0,1.5208916077870498,1,933,8.908987181403386,105
origin_to_transition,chunk:8722ceaa74ecb0c8e285fc6f,10,1.0,1.835974769890099,1,1601,8.908987181403386,158
origin_to_transition,chunk:8962bed7d63901564218076b,12,0.9300699300699301,1.181002102850963,1,3291,8.908889560555135,284
origin_to_transition,chunk:9fb77421ec0ef8e6d78fc040,8,0.9761904761904762,1.3502079600165917,1,1333,8.908500842089753,137
origin_to_transition,chunk:a9659c505e49a3d42e4db844,0,,0.0,0,20,8.908987181403386,1
origin_to_transition,chunk:b6d7dbad9577436ab92a61cd,1,,0.0,0,1890,8.908700350258925,206
origin_to_transition,chunk:bc6649925656594e6ec68677,7,0.9285714285714286,2.031667907588788,1,1042,8.908891323684141,107
origin_to_transition,chunk:bdb68aabe90b68e820bcc515,6,1.0,0.6451684927533718,1,1346,8.908987181403386,137
origin_to_transition,chunk:c3ee8a1f1ff5c8662bfc3333,6,0.8285714285714286,0.714244424868987,1,529,8.90888867887758,51
origin_to_transition,chunk:c5b57619b9b130cc30c81432,7,0.9642857142857143,1.25561091417245,1,1301,8.908987181403386,130
origin_to_transition,chunk:d79171c9a68bd3a1a2ba6612,5,0.9,0.6687146068838103,1,483,8.908987181403386,48
origin_to_transition,chunk:d96e6dc355c904b49f1f1236,7,0.9642857142857143,0.9383045423492242,1,2064,8.908692975589293,202
origin_to_transition,chunk:da11a50d9ac147f0f42efa40,11,1.0,1.580547647947111,1,1458,8.90889204672064,144
origin_to_transition,chunk:ffceb9939c29300973d8d7d8,12,0.993006993006993,1.2459852777630427,1,2135,8.908700787566907,217
transition_to_origin,chunk:0066126ec8be360207250c0e,12,0.986013986013986,1.2499736861452768,1,2545,8.908795855498663,218
transition_to_origin,chunk:00d6a0ab0e74b4a9f5dd1bee,6,0.5428571428571428,0.4541033817150901,1,1488,8.908696692816864,159
transition_to_origin,chunk:046d440341933f706d1b8439,10,0.9878787878787879,1.7543635063922411,1,2296,8.908792627763084,212
transition_to_origin,chunk:10d0a60b8e6386542f7f2e0f,7,0.9285714285714286,0.7303637608632045,1,2422,8.908700170156642,227
transition_to_origin,chunk:1509a86b23339a5bdecbd4ef,12,0.986013986013986,1.1409052880231683,1,3010,8.908889869245709,281
transition_to_origin,chunk:15530bec75bd4255e14a2c87,7,0.9642857142857143,0.9631528103419145,1,2243,8.90860013361667,223
transition_to_origin,chunk:1f6827b9769e9bd273517c15,5,0.6,0.3636362934734403,1,2197,8.908987181403386,229
transition_to_origin,chunk:200202c266d77d741c57e275,7,0.9642857142857143,1.6305273543283074,1,1802,8.908797440361495,180
transition_to_origin,chunk:205b7623e89a9ec70a13a9d3,10,0.9030303030303031,0.8308584269789328,1,2798,8.908599182541792,251
transition_to_origin,chunk:218189649ddef45adab80203,9,0.7,0.6048319177169803,1,3461,8.908323229108468,297
transition_to_origin,chunk:24e65a5f2a8e061ad4c91961,11,0.9636363636363636,0.962284168449997,1,2389,8.908699360286313,233
transition_to_origin,chunk:2e50cad7e426c2781b474e3b,8,0.9761904761904762,0.9821175388857439,1,2756,8.908606620397599,249
transition_to_origin,chunk:313954720059f5b11152616e,5,1.0,0.8856190068321972,1,2233,8.90889213456162,225
transition_to_origin,chunk:34ff958b4487e21ea834c82f,6,-0.14285714285714285,0.3151656548038524,1,1499,8.908788750837239,159
transition_to_origin,chunk:4079378cec36ca9b89a76f08,12,0.8741258741258742,0.7010524783005341,1,3425,8.908891186956323,299
transition_to_origin,chunk:476d9cb14b9139a6f75ebb58,12,0.9230769230769231,0.6138428382679009,1,3546,8.908892102791047,306
transition_to_origin,chunk:4a3adeb0e168d3e2c9af147d,7,0.9642857142857143,1.2416120185029433,1,2403,8.908789553329273,226
transition_to_origin,chunk:4dadb75dd249f646267bbb6c,7,0.9285714285714286,1.1208207933402683,1,2751,8.908987181403386,247
transition_to_origin,chunk:59de2f26accc6714c2cd2399,6,0.9428571428571428,0.6092024642311928,1,1513,8.908802442320717,162
transition_to_origin,chunk:5ddc3c13de81f8329b499484,9,0.8666666666666667,1.0622714231115458,1,3033,8.908890709866556,249
transition_to_origin,chunk:6e693544f78157ab1aeb4c4c,9,0.9833333333333333,0.7446708314471582,1,3585,8.908987181403386,316
transition_to_origin,chunk:6fa07759312d3e88f450bc4a,6,1.0,0.7473471071570836,1,2550,8.90859710758532,230
transition_to_origin,chunk:89b6dba6c3ca2645a1b2618a,12,1.0,1.24105843111908,1,2955,8.908606705713623,277
transition_to_origin,chunk:90c159f3a371d7491d1e3024,12,0.986013986013986,1.429479871964115,1,2762,8.908889539827562,243
transition_to_origin,chunk:90c5478ec5b43dbd0f0d9006,9,0.9666666666666667,1.2688754500705721,1,2817,8.908987181403386,249
transition_to_origin,chunk:9aa2db6401c27d3deb8ade0c,11,0.990909090909091,1.0598464165789097,1,3061,8.908700004068889,265
transition_to_origin,chunk:a0fe5ebca4badb3844a8bccd,9,0.95,1.5132072017954825,1,2034,8.908602843446964,192
transition_to_origin,chunk:aaabe1523752fd3fa2a2866b,12,0.993006993006993,1.0900614418208372,1,2996,8.908701442259998,267
transition_to_origin,chunk:ad3699d09adb7f37b9f30c4a,8,0.9761904761904762,1.2227059987878532,1,2311,8.908700255967428,226
transition_to_origin,chunk:b23cb7eaae87d76ac50f9133,9,0.9166666666666666,1.39033187043858,1,2689,8.90870476365012,258
transition_to_origin,chunk:b43cb594526c55277cf93a21,8,0.9047619047619048,0.7428716733294864,1,2650,8.908796252812087,251
transition_to_origin,chunk:ba2c5a75c50fe1de5911398a,9,0.7166666666666667,0.6976878173804082,1,2740,8.908594542885833,257
transition_to_origin,chunk:bb5f975eeec2b993e7db9ac1,12,0.9020979020979021,0.5539817121926655,1,4016,8.90850639768655,414
transition_to_origin,chunk:bd41bd16a7eefde8e2c8a15c,12,0.9790209790209791,1.1573000432871883,1,2935,8.908987181403386,248
transition_to_origin,chunk:d86c2aae83cb52a76e2ef9f8,11,0.9454545454545454,1.4200590591277797,1,2716,8.908891165774252,248
transition_to_origin,chunk:e6e5c3c42746d4691fef50d1,7,0.8928571428571429,0.9417264677514399,1,2515,8.908404375290317,234
transition_to_origin,chunk:e91caab6e66ff7ba10110e56,8,0.9523809523809523,0.9835149336704561,1,3496,8.908420296399383,315
transition_to_origin,chunk:ea8f397990cf104864e04e9b,9,0.85,0.5951296901263554,1,2534,8.90870113811366,246
transition_to_origin,chunk:f794e170f590b044c70126a4,12,0.958041958041958,1.158564420748323,1,2956,8.908891271757424,247
