direction,target_id,eligible,valid_trial_fraction,mean_matched_edges,blind_mean_heat,real_mean_heat,shuffled_mean_heat,delta_real_blind,delta_real_shuffled,blind_unique_heat_per_edge,real_unique_heat_per_edge,shuffled_unique_heat_per_edge,blind_related_fraction,real_related_fraction,shuffled_related_fraction,semantic_delta_real_blind,semantic_delta_real_shuffled
origin_to_transition,chunk:01a9a4e6ea6f58575231bc0e,1,1.0,7.0,0.6184070477406074,1.1904150982853792,0.6202443443879129,0.5720080505447718,0.5701707538974663,0.48777551088323257,0.5744705753881634,0.48649238296987923,0.16080024067388687,,0.16514320536258378,,
origin_to_transition,chunk:0650195aa0f79d2aaec3925e,1,1.0,7.0,0.29844426578640615,0.8681848187653963,0.29904405323530087,0.5697405529789902,0.5691407655300955,0.2496587682551033,0.414061176951347,0.24820292354103962,0.751307730508194,1.0,0.7477039837799332,0.248692269491806,0.2522960162200668
origin_to_transition,chunk:127fc3636f803f97105575ad,1,1.0,7.0,1.080300005940223,1.357047347955757,1.0800843126918247,0.27674734201553397,0.2769630352639323,0.7845627879286478,0.7362070794546256,0.7804693885729116,0.9728666666666667,,0.9695333333333334,,
origin_to_transition,chunk:128415c43dd5cae04cb76583,1,1.0,7.0,0.5012323174490974,0.9742586656196367,0.503328334911135,0.47302634817053935,0.47093033070850165,0.3997713539262392,0.5228079539803495,0.39831258730815505,0.12760577915376678,0.0,0.1286906624934794,-0.12760577915376678,-0.1286906624934794
origin_to_transition,chunk:18169c1dbba2907a3cfadef4,1,1.0,7.0,1.0984317450495351,1.362521052828465,1.0984824209462103,0.2640893077789299,0.26403863188225474,0.8000656340793094,0.7395165986511669,0.7978062152282421,0.9755072463768116,,0.9755072463768116,,
origin_to_transition,chunk:1d44e027d4c9dafbde8050a1,1,1.0,7.0,0.8977603979204533,1.24103071886438,0.8977886143076305,0.34327032094392684,0.34324210455674964,0.6572676535576241,0.6552493882884712,0.6543273184567581,0.9409804672539257,1.0,0.9352291586876037,0.0590195327460743,0.0647708413123963
origin_to_transition,chunk:373b61c72ce49ecf9f34bbfb,1,1.0,7.0,0.25400605031565476,0.5814341405220902,0.254628285547451,0.32742809020643543,0.3268058549746392,0.21632733443806065,0.34853266949419476,0.21639694726813263,0.7429879377997384,0.9265289098622432,0.7457661192656106,0.18354097206250486,0.18076279059663258
origin_to_transition,chunk:5155efd8c3288419f68fb155,1,1.0,7.0,1.0922486580118922,1.3656301161322488,1.0912401056501426,0.27338145812035664,0.2743900104821062,0.7941817886792962,0.7391334616034593,0.7911567268616779,0.9621338912133891,,0.9659807956104253,,
origin_to_transition,chunk:6a6f56de3ca6c558d8d78622,1,1.0,7.0,0.7392501436228827,1.4499380607271921,0.7418635758139863,0.7106879171043095,0.7080744849132058,0.5697607299535216,0.5318026278626937,0.5703197097113316,0.11588639200998752,,0.11912413358538122,,
origin_to_transition,chunk:8722ceaa74ecb0c8e285fc6f,1,1.0,7.0,0.4853240536238249,0.9487566126651458,0.4888715376851746,0.46343255904132086,0.45988507497997116,0.39568886132032527,0.5003370183363282,0.3965911264291992,0.18123780619986993,0.0,0.18094505494505495,-0.18123780619986993,-0.18094505494505495
origin_to_transition,chunk:8962bed7d63901564218076b,1,1.0,7.0,0.19544407789437518,0.5442638020924396,0.1958988500698144,0.34881972419806445,0.34836495202262524,0.1657401933703522,0.28577365796473125,0.16593891672331076,0.6274875233936369,0.6959915300142808,0.6295559355407016,0.06850400662064393,0.06643559447357927
origin_to_transition,chunk:9fb77421ec0ef8e6d78fc040,1,1.0,7.0,0.5392044386974197,0.9754106468803816,0.5389750947788937,0.43620620818296185,0.4364355521014879,0.4326052833871299,0.5227763304323462,0.430694126895518,0.13530054644808742,0.0,0.13157894736842105,-0.13530054644808742,-0.13157894736842105
origin_to_transition,chunk:a9659c505e49a3d42e4db844,0,0.0,,,,,,,,,,,,,,
origin_to_transition,chunk:b6d7dbad9577436ab92a61cd,1,1.0,7.0,0.6455457936115406,1.7654931008070407,0.6451152349908259,1.1199473071955,1.1203778658162147,0.499747709717729,0.4756287074643617,0.4991201599703858,0.7481179666278619,,0.7516840882694541,,
origin_to_transition,chunk:bc6649925656594e6ec68677,1,1.0,7.0,0.9126700058022285,1.2750970549480456,0.912399617006861,0.36242704914581714,0.3626974379411846,0.6708200797763917,0.686898145816117,0.668146395858912,0.9197647733792312,1.0,0.9222748135398737,0.08023522662076876,0.07772518646012627
origin_to_transition,chunk:bdb68aabe90b68e820bcc515,1,1.0,7.0,0.5944954057994846,1.0144495703059118,0.5957029199251114,0.4199541645064272,0.4187466503808004,0.4718908432221163,0.5585327732091895,0.4709084711292462,0.2333626244874048,,0.2326241134751773,,
origin_to_transition,chunk:c3ee8a1f1ff5c8662bfc3333,1,1.0,7.0,1.0925786922170417,1.3786910683318372,1.0914593973299296,0.28611237611479545,0.2872316710019076,0.795887475419865,0.7506780094329009,0.7938449611821397,0.9707317073170731,,0.9703252032520325,,
origin_to_transition,chunk:c5b57619b9b130cc30c81432,1,1.0,7.0,0.5757097112311534,1.0400919207831112,0.5767277429570906,0.46438220955195775,0.4633641778260206,0.4657159111724714,0.5590735301761215,0.4647828975319401,0.21952947845804988,,0.21256454388984508,,
origin_to_transition,chunk:d79171c9a68bd3a1a2ba6612,1,1.0,7.0,1.1083025535811688,1.3714193893640183,1.1086374126895782,0.2631168357828495,0.26278197667444014,0.803567709046703,0.7370897417628891,0.7988823542904712,0.9670868347338936,,0.9715277777777778,,
origin_to_transition,chunk:d96e6dc355c904b49f1f1236,1,1.0,7.0,0.4334501050339014,0.8782047685696909,0.4332261314474311,0.44475466353578946,0.44497863712225977,0.34578793744743513,0.4719207197160057,0.34505379506538136,0.3686471193415638,,0.3627070393374741,,
origin_to_transition,chunk:da11a50d9ac147f0f42efa40,1,1.0,7.0,0.48807906828722597,0.9446261620124349,0.4869616708105427,0.4565470937252089,0.4576644912018922,0.39397835282443816,0.49273716843154747,0.3905136058683727,0.12289348171701113,0.0,0.11900630914826499,-0.12289348171701113,-0.11900630914826499
origin_to_transition,chunk:ffceb9939c29300973d8d7d8,1,1.0,7.0,0.4034152414128214,0.8614199564818933,0.40570586569108347,0.45800471506907187,0.4557140907908098,0.32950792563050296,0.4412389973393763,0.3297143553209147,0.23694029850746268,0.0,0.24108761329305137,-0.23694029850746268,-0.24108761329305137
transition_to_origin,chunk:0066126ec8be360207250c0e,1,1.0,7.0,0.33380441697435026,0.7115378789438208,0.33181183579286716,0.37773346196947055,0.37972604315095365,0.2752864529914166,0.39276822037210485,0.27266874538698027,0.08585409252669039,0.00975975975975976,0.08759553203997648,-0.07609433276693063,-0.07783577228021672
transition_to_origin,chunk:00d6a0ab0e74b4a9f5dd1bee,1,1.0,7.0,0.6378355919943035,1.1198885957834495,0.6386816960297975,0.48205300378914595,0.48120689975365194,0.5064530671251565,0.6137527799496036,0.5055954090079208,0.13281374900079937,,0.1297478329393223,,
transition_to_origin,chunk:046d440341933f706d1b8439,1,1.0,7.0,0.418050475358226,0.8809390081285814,0.41811920364086747,0.4628885327703554,0.4628198044877139,0.34059666274860456,0.4732618911696304,0.33985587641939957,0.17261189044756178,0.03333333333333333,0.17636666666666667,-0.13927855711422846,-0.14303333333333335
transition_to_origin,chunk:10d0a60b8e6386542f7f2e0f,1,1.0,7.0,0.4085088029655226,0.743153797092406,0.40674379109225034,0.3346449941268834,0.3364100060001557,0.3441031176755566,0.504205910221001,0.3425516210090741,0.25131086142322095,0.3372093023255814,0.2550185873605948,0.08589844090236043,0.08219071496498659
transition_to_origin,chunk:1509a86b23339a5bdecbd4ef,1,1.0,7.0,0.2857183874506282,0.6540668371680568,0.28544771494591337,0.3683484497174286,0.36861912222214344,0.24590478367874166,0.35253276210863776,0.24340386327246205,0.3301759087473373,0.5111561318206375,0.32154847550531,0.18098022307330014,0.18960765631532744
transition_to_origin,chunk:15530bec75bd4255e14a2c87,1,1.0,7.0,0.425936963396107,0.9222010562975175,0.42798055762978626,0.4962640929014105,0.4942204986677312,0.3509171872892224,0.49590663263474755,0.3489905971793605,0.026374018558172733,0.0,0.027063236870310824,-0.026374018558172733,-0.027063236870310824
transition_to_origin,chunk:1f6827b9769e9bd273517c15,1,1.0,7.0,0.43691984164556064,0.8140858701883835,0.4377895357916667,0.3771660285428229,0.37629633439671684,0.367899686765368,0.5329363383592969,0.3659652832447657,0.28233038348082595,0.0,0.28454277286135693,-0.28233038348082595,-0.28454277286135693
transition_to_origin,chunk:200202c266d77d741c57e275,1,1.0,7.0,0.5571271624469138,1.0679837770549394,0.5567167313374103,0.5108566146080256,0.5112670457175291,0.44949168895458363,0.5793126352847524,0.447910111087727,0.1247016706443914,,0.11607142857142858,,
transition_to_origin,chunk:205b7623e89a9ec70a13a9d3,1,1.0,7.0,0.24921725863207408,0.6199618690958164,0.25066035087748767,0.3707446104637423,0.36930151821832874,0.21343858389664352,0.35553480284967476,0.21297513298879509,0.6168563839878581,0.9510377711293941,0.6171365499842321,0.334181387141536,0.3339012211451621
transition_to_origin,chunk:218189649ddef45adab80203,1,1.0,7.0,0.18391146911935347,0.41783328360651767,0.18288333046157024,0.2339218144871642,0.23494995314494743,0.16068540172603588,0.2699546382546547,0.15912430458414828,0.06439645625692138,0.0231042654028436,0.0646570796460177,-0.04129219085407777,-0.0415528142431741
transition_to_origin,chunk:24e65a5f2a8e061ad4c91961,1,1.0,7.0,0.3471468612655508,0.7906882361083988,0.35089403795122703,0.443541374842848,0.43979419815717175,0.28663537416577006,0.4086154561393881,0.2880359875001025,0.033027687882056816,0.0,0.033027687882056816,-0.033027687882056816,-0.033027687882056816
transition_to_origin,chunk:2e50cad7e426c2781b474e3b,1,1.0,7.0,0.21764096634916907,0.5560661787627439,0.21746256333202282,0.3384252124135748,0.33860361543072104,0.18354184698716147,0.3172255044313788,0.18329756764068167,0.33448979591836736,0.05472636815920398,0.3279138321995465,-0.2797634277591634,-0.27318746404034255
transition_to_origin,chunk:313954720059f5b11152616e,1,1.0,7.0,0.4929978464862427,1.0699632385780171,0.49396833821722796,0.5769653920917744,0.5759949003607892,0.40292900064721365,0.558394658017912,0.4020492522603515,0.037075575027382256,0.0,0.03725274725274725,-0.037075575027382256,-0.03725274725274725
transition_to_origin,chunk:34ff958b4487e21ea834c82f,1,1.0,7.0,0.6503273775450109,1.1031241209116842,0.6487025761332148,0.4527967433666733,0.4544215447784694,0.5169203106376551,0.606477149629535,0.5138784809883651,0.07624113475177305,,0.07251184834123223,,
transition_to_origin,chunk:4079378cec36ca9b89a76f08,1,1.0,7.0,0.19688728469898262,0.5583867456184287,0.19664137734894763,0.36149946091944607,0.3617453682694811,0.1741348845954439,0.306682794281152,0.1737651449723919,0.049706997587038955,0.0,0.049758454106280194,-0.049706997587038955,-0.049758454106280194
transition_to_origin,chunk:476d9cb14b9139a6f75ebb58,1,1.0,7.0,0.16030473700358872,0.6062965383814368,0.15912802961868455,0.4459918013778481,0.44716850876275227,0.13525705528143991,0.30339023094760154,0.1343591763141717,0.24306595075387785,0.37572254335260113,0.2384233647901074,0.13265659259872328,0.13729917856249374
transition_to_origin,chunk:4a3adeb0e168d3e2c9af147d,1,1.0,7.0,0.37616658867051855,0.8234705106493715,0.37726122440883,0.44730392197885294,0.4462092862405415,0.3197178721899969,0.448002977045505,0.3189207581477245,0.2258852258852259,0.0,0.22341343191620455,-0.2258852258852259,-0.22341343191620455
transition_to_origin,chunk:4dadb75dd249f646267bbb6c,1,1.0,7.0,0.2593364488050531,0.6277433848308438,0.25979224020593283,0.3684069360257907,0.36795114462491096,0.2177052158160543,0.36291190940312396,0.21750349592776055,0.528857268501068,0.9217171717171717,0.5304749256940492,0.39285990321610376,0.3912422460231225
transition_to_origin,chunk:59de2f26accc6714c2cd2399,1,1.0,7.0,0.6302561274061033,1.1208373460555436,0.6311538992015163,0.4905812186494404,0.4896834468540273,0.5029423338358646,0.6089929474276221,0.5010905445867861,0.11150793650793651,,0.1108433734939759,,
transition_to_origin,chunk:5ddc3c13de81f8329b499484,1,1.0,7.0,0.3140165008187652,0.8587320893435685,0.31698326829708634,0.5447155885248033,0.5417488210464821,0.2631040644738951,0.44202542142259454,0.263706574442397,0.06578171091445428,0.0,0.06090029761904762,-0.06578171091445428,-0.06090029761904762
transition_to_origin,chunk:6e693544f78157ab1aeb4c4c,1,1.0,7.0,0.17738571523073807,0.6276669998353478,0.1770159774317023,0.4502812846046097,0.4506510224036455,0.15800773237329677,0.32916816002088467,0.15730382782288377,0.09204288939051919,0.01466854724964739,0.09262637780311668,-0.0773743421408718,-0.07795783055346929
transition_to_origin,chunk:6fa07759312d3e88f450bc4a,1,1.0,7.0,0.30641184327586696,0.8743196018175471,0.30696238299839673,0.5679077585416801,0.5673572188191504,0.2609034240251453,0.45166985762625167,0.2601202966885039,0.6168584825234441,1.0,0.6175903908298275,0.3831415174765559,0.3824096091701725
transition_to_origin,chunk:89b6dba6c3ca2645a1b2618a,1,1.0,7.0,0.3425608995720175,0.7789532202476365,0.34281199321411415,0.43639232067561895,0.4361412270335223,0.2894985972285093,0.4130381426186472,0.28824432343189754,0.33505720470006184,1.0,0.3396145857373644,0.6649427952999382,0.6603854142626355
transition_to_origin,chunk:90c159f3a371d7491d1e3024,1,1.0,7.0,0.3416612815172992,0.7933002131012193,0.3403466248441827,0.45163893158392016,0.45295358825703663,0.2926374808845947,0.41634040497850483,0.2900056934738416,0.2959627329192547,0.0,0.29335897435897434,-0.2959627329192547,-0.29335897435897434
transition_to_origin,chunk:90c5478ec5b43dbd0f0d9006,1,1.0,7.0,0.31646954120018944,0.6787351180191046,0.31884909918394067,0.36226557681891514,0.3598860188351639,0.27231588558568426,0.38673134252420427,0.2726404980465431,0.3250630358043369,0.0056179775280898875,0.3293517100561511,-0.319445058276247,-0.3237337325280612
transition_to_origin,chunk:9aa2db6401c27d3deb8ade0c,1,1.0,7.0,0.2906531300512535,0.7161649887442727,0.2898904586268146,0.4255118586930192,0.4262745301174581,0.24708064558458007,0.37111622486338947,0.24460494666919802,0.19873344847438112,0.0,0.18988405797101449,-0.19873344847438112,-0.18988405797101449
transition_to_origin,chunk:a0fe5ebca4badb3844a8bccd,1,1.0,7.0,0.45348279169911854,0.8964091627287979,0.4558008521784617,0.44292637102967936,0.44060831055033617,0.363162925361957,0.48375431869340074,0.36307805286889777,0.10607537361923326,0.009478672985781991,0.10295071335927367,-0.09659670063345127,-0.09347204037349167
transition_to_origin,chunk:aaabe1523752fd3fa2a2866b,1,1.0,7.0,0.3070739831043343,0.7722459666924202,0.30866594453138474,0.46517198358808587,0.46358002216103544,0.2649714779344213,0.39598095750271745,0.26477564920444563,0.2120808678500986,0.0,0.20954522738630685,-0.2120808678500986,-0.20954522738630685
transition_to_origin,chunk:ad3699d09adb7f37b9f30c4a,1,1.0,7.0,0.38526140547403537,0.897829323073641,0.38323616018850926,0.5125679175996056,0.5145931628851318,0.3157035426204459,0.47300118071453406,0.3137914681741419,0.040615781710914456,0.0,0.041712707182320445,-0.040615781710914456,-0.041712707182320445
transition_to_origin,chunk:b23cb7eaae87d76ac50f9133,1,1.0,7.0,0.38049685915364495,0.8188636315169264,0.3824433876881309,0.4383667723632815,0.4364202438287955,0.3197919105868917,0.44344688690354334,0.3206203377773578,0.3473029211684674,1.0,0.34605188945290466,0.6526970788315326,0.6539481105470953
transition_to_origin,chunk:b43cb594526c55277cf93a21,1,1.0,7.0,0.3158653514980618,0.7500901517944826,0.31973979523664164,0.4342248002964208,0.43035035655784093,0.2699268350603512,0.4069874562397438,0.2725148158112079,0.5196852530185864,0.9781849912739965,0.5254634415271173,0.4584997382554101,0.45272154974687917
transition_to_origin,chunk:ba2c5a75c50fe1de5911398a,1,1.0,7.0,0.30155080007817003,0.6761200182047067,0.30287076291448906,0.37456921812653665,0.37324925529021763,0.261646342328174,0.3833522168359001,0.2606963523530577,0.5460793867342298,0.9454648526077097,0.5519970318750806,0.3993854658734799,0.3934678207326291
transition_to_origin,chunk:bb5f975eeec2b993e7db9ac1,1,1.0,7.0,0.13457263926894336,0.47565357300146555,0.13507380620086426,0.3410809337325222,0.3405797668006013,0.11683824322031486,0.27590763604305446,0.11728956482650997,0.1685867895545315,0.2582798833819242,0.17248345524207592,0.08969309382739271,0.08579642813984828
transition_to_origin,chunk:bd41bd16a7eefde8e2c8a15c,1,1.0,7.0,0.3464171922476143,0.7989244323367687,0.34606832694609274,0.4525072400891544,0.45285610539067594,0.2938971864875057,0.41274664249561605,0.29373435154380456,0.24883245767659076,0.0,0.2486013986013986,-0.24883245767659076,-0.2486013986013986
transition_to_origin,chunk:d86c2aae83cb52a76e2ef9f8,1,1.0,7.0,0.34577868393776395,0.8040811573919832,0.34747841897830384,0.4583024734542192,0.4566027384136793,0.2958554338178681,0.4262396789612923,0.29566519089241655,0.24059184812953657,,0.2448956570783982,,
transition_to_origin,chunk:e6e5c3c42746d4691fef50d1,1,1.0,7.0,0.2628064681566486,0.682388476224472,0.2641576670144366,0.41958200806782336,0.41823080921003536,0.21881609349924563,0.36606812384125054,0.21795601035445744,0.2139433551198257,0.020202020202020204,0.2118201754385965,-0.1937413349178055,-0.1916181552365763
transition_to_origin,chunk:e91caab6e66ff7ba10110e56,1,1.0,7.0,0.1975838791640619,0.6999253219816486,0.19934819843504079,0.5023414428175867,0.5005771235466078,0.17199068950757862,0.36132834215036036,0.1726881991469996,0.1103954802259887,0.0,0.10261660978384528,-0.1103954802259887,-0.10261660978384528
transition_to_origin,chunk:ea8f397990cf104864e04e9b,1,1.0,7.0,0.2657776611387947,0.6821246383231535,0.2660308337534104,0.4163469771843588,0.4160938045697431,0.2233053363523337,0.36608119953571555,0.2227853423175978,0.7367124759642575,0.9815991237677985,0.737922335600907,0.24488664780354097,0.24367678816689142
transition_to_origin,chunk:f794e170f590b044c70126a4,1,1.0,7.0,0.2990839088876807,0.6756806615569967,0.2992098956814419,0.37659675266931597,0.3764707658755548,0.25594856434763025,0.3588158438310519,0.2544744133208932,0.19011627906976744,0.0,0.18405196241017135,-0.19011627906976744,-0.18405196241017135
